經度,緯度,xmin,ymin,xmax,ymax,行政區,國土利用調查,地政事務所,地政事務所代碼,段號,段名,地號,面積,使用分區,使用地類別,公告現值年月,公告現值
120.04444241524,23.079425783524,120.04417419434,23.079198766901,120.04471063614,23.079652800146,臺南市七股區十份里,"農業相關設施 (2018年6月)",佳里,DG,5212,新生段,00190009,1624,一般農業區,養殖用地,10801,330
120.09097337723,23.091476650507,120.0908446312,23.09127926701,120.09110212326,23.091674034005,臺南市七股區十份里,"製造業 (2018年6月)",佳里,DG,5256,三聖段,23310000,871.48,一般農業區,養殖用地,10801,760
120.0921857357,23.090973322588,120.09217500687,23.090904238364,120.09219646454,23.091042406812,臺南市七股區十份里,"一般道路 (2018年6月)",佳里,DG,5256,三聖段,23170000,78.06,一般農業區,養殖用地,10801,760
120.09240031242,23.090667378167,120.0923037529,23.090627901467,120.09249687195,23.090706854866,臺南市七股區十份里,"倉儲 (2018年6月)",佳里,DG,5256,三聖段,26190000,78.7,一般農業區,養殖用地,10801,760
